source,distance,target
318865,1.53,319411
318866,2.7,319088
318866,2.85,319524
318867,0.93,320668
318867,3.61,321261
318868,0.61,319489
318868,1.03,319697
318869,6.1,319315
318869,4.28,320825
318870,2.5,320704
318870,3.49,320760
318870,1.56,320778
318871,6.14,319635
318871,8.2,320693
318872,1.59,320671
318872,1.76,320770
318873,23.99,319987
318873,9.3,320717
318874,4.3,319165
318875,1.48,319054
318875,1.53,320690
318877,2.67,319943
318877,7.94,320868
318877,9.65,321468
318878,6.48,318881
318878,4.18,320251
318879,12.53,318881
318879,5.53,321056
318880,13.75,320173
318880,7.54,320588
318882,3.99,318914
318882,5.29,321336
318883,2.45,320287
318883,7.91,321500
318884,0.98,320623
318884,0.96,321260
318885,0.84,319362
318885,1.7,320099
318886,0.69,320880
318887,1.44,319637
318887,3.74,320154
318887,4.2,320642
318888,2.01,319076
318888,1.89,321060
318889,2.63,319184
318889,1.73,321319
318890,1.08,318917
318890,3.03,319050
318891,2.18,320724
318891,1.93,320740
318892,1.95,319286
318892,1.43,319379
318892,1.75,321358
318893,2.03,319118
318893,3.06,319361
318894,2.35,319265
318894,4.66,320923
318895,1.2,320627
318895,0.99,321230
318896,0.73,319495
318896,1.38,321093
318897,2.86,319792
318897,1.49,320007
318898,0.91,320620
318898,0.93,320626
318899,2.27,319931
318899,0.76,320485
318900,0.88,319429
318900,1.5,319610
318902,1.01,319069
318902,0.94,320975
318903,3.15,319431
318903,1.6,319454
318904,3.01,319342
318904,1.64,321411
318905,1.95,320436
318905,3.55,321187
318906,2.81,318968
318906,2.54,318972
318906,3.06,319735
318907,0.48,320062
318907,0.99,320742
318909,0.71,319163
318909,0.93,320078
318909,1.46,320551
318910,10.16,319346
318910,6.33,320284
318910,24.48,320340
318911,0.48,319664
318911,2.75,321245
318912,6.8,321081
318913,10.15,319565
318913,2.59,320132
318914,11.18,319348
318915,3.04,319898
318915,1.74,321403
318916,6.31,319469
318916,2.34,320169
318917,0.93,321016
318918,2.96,319220
318918,3.06,319732
318919,8.09,319773
318919,9.08,320903
318920,4.84,319138
318921,3.73,319487
318921,3.41,320901
318922,0.61,319924
318922,0.63,320526
318923,1.98,319072
318923,3.23,320800
318924,2.31,319001
318924,1.11,320817
318925,0.94,319131
318925,0.34,319622
318926,2.74,319053
318926,1.99,321315
318927,2.05,319353
318927,5.18,319903
318928,3.59,318959
318928,4.78,320761
318929,1.79,320307
318929,1.16,320710
318930,12.54,319159
318930,9.19,319901
318930,3.88,320787
318931,6.38,319875
318931,7.18,321380
318932,0.51,319722
318932,0.41,319836
318933,1.13,320566
318933,0.4,320666
318934,4.15,319769
318934,2.46,319868
318934,5.1,320359
318935,15.51,319625
318935,8.1,319881
318936,1.24,320385
318936,1.94,321048
318937,1.0,319543
318937,0.94,320111
318937,1.5,321356
318938,10.68,320218
318938,11.4,320378
318939,2.99,320033
318939,6.8,320877
318940,3.5,320213
318940,3.09,320960
318941,1.8,319815
318941,2.24,320648
318942,6.61,319360
318942,1.01,319514
318942,2.08,319560
318943,1.41,319983
318943,2.14,320185
318944,6.13,319422
318944,14.12,320476
318945,8.04,318947
318945,10.61,319884
318946,3.13,319515
318946,13.59,321167
318947,8.71,319481
318949,0.79,320987
318949,4.65,321406
318950,0.41,318948
318950,0.59,318949
318951,0.89,320466
318952,1.23,319196
318952,0.38,319836
318953,3.41,319043
318953,4.71,320477
318954,4.25,319080
318954,4.99,320012
318955,2.43,319111
318955,2.45,319261
318956,9.6,319303
318956,5.6,320243
318957,3.2,319872
318957,2.35,320905
318958,2.95,319067
318958,5.06,320092
318959,2.28,319769
318959,3.23,320359
318960,3.13,318995
318960,2.29,320435
318960,2.11,321134
318961,3.7,319335
318961,1.29,321036
318962,2.69,319742
318962,1.53,321041
318963,2.3,319840
318963,0.58,320722
318964,0.79,318951
318964,1.1,319113
318964,1.11,319869
318964,3.86,320467
318965,7.25,319357
318965,11.29,321452
318965,14.75,321454
318966,2.03,319695
318966,1.8,320274
318967,6.1,319480
318967,33.55,319642
318967,5.53,320033
318967,5.68,320695
318967,8.08,321353
318967,4.28,321493
318968,1.99,320577
318968,2.08,321298
318969,1.65,319924
318969,1.88,320472
318970,6.3,320467
318970,1.21,320899
318971,2.78,319459
318971,3.56,319698
318972,4.51,319207
318972,3.21,319785
318973,4.41,318998
318973,3.9,320856
318974,6.01,319016
318974,3.26,320208
318975,2.19,319084
318975,1.83,319681
318976,1.68,320831
318976,0.96,321438
318977,7.66,320489
318977,8.15,321390
318978,1.39,319618
318978,1.09,319876
318978,2.95,321060
318978,0.71,321402
318979,2.33,321056
318979,4.91,321119
318980,0.22,319919
318980,3.6,321292
318981,5.2,320563
318981,4.19,320771
318982,1.46,319065
318982,5.16,319686
318982,2.95,320332
318982,10.16,320340
318983,3.61,319646
318983,3.25,321033
318984,4.01,319899
318984,1.79,320549
318985,6.48,319305
318985,11.99,320166
318986,1.33,319177
318986,0.91,319783
318987,0.84,320759
318987,0.91,320881
318987,1.4,320937
318988,13.16,319475
318988,10.19,320046
318989,3.09,320510
318989,0.89,320597
318990,4.34,320360
318990,2.21,321087
318991,2.5,318990
318992,8.96,320408
318992,1.2,320610
318993,1.44,319375
318993,3.73,319460
318994,0.9,319651
318994,0.88,320450
318995,3.29,319412
318996,3.2,319907
318996,1.46,320960
318997,3.94,320112
318997,4.54,321185
318998,1.96,320357
318999,3.25,319707
318999,4.1,320443
318999,1.95,321116
318999,1.05,321117
318999,0.59,321299
319000,0.75,320471
319002,1.55,319186
319002,0.94,320474
319003,1.65,319949
319003,1.93,320053
319004,1.06,319450
319004,2.24,319795
319005,7.29,320234
319005,3.48,320280
319006,1.48,319051
319006,1.46,319694
319007,3.65,320128
319007,1.3,321242
319008,3.76,319479
319008,2.59,320232
319008,1.43,320478
319009,1.35,319200
319009,0.61,319835
319011,3.05,319559
319011,7.68,321274
319011,1.63,321328
319011,3.47,321364
319012,2.82,319011
319013,2.54,321104
319013,0.56,321342
319014,1.74,319685
319014,2.41,320511
319015,1.18,320500
319015,1.19,320765
319016,1.85,320849
319017,3.08,320340
319017,2.02,320977
319018,1.18,319019
319018,0.8,319020
319018,3.27,320823
319019,0.85,319288
319021,1.39,320554
319022,1.5,320225
319022,2.21,320682
319023,1.6,320630
319023,1.18,321142
319024,12.94,319350
319024,7.2,319783
319024,1.01,320619
319025,1.34,319634
319025,3.18,320493
319026,1.45,319401
319026,1.24,321283
319026,0.7,321432
319027,2.05,319499
319027,5.99,320792
319028,3.49,319513
319028,2.9,319999
319029,0.51,320822
319029,0.6,321256
319030,0.66,319052
319030,0.85,320791
319031,0.83,320157
319031,0.5,320528
319031,1.38,320968
319032,2.53,319781
319032,1.54,321007
319033,2.09,319955
319033,1.16,320711
319034,7.98,320077
319034,1.74,321355
319035,4.86,320105
319035,1.56,320918
319036,12.96,319918
319036,12.44,320177
319037,12.97,319918
319037,5.94,320130
319038,1.63,319891
319038,0.83,320065
319039,3.36,319455
319039,0.66,319952
319039,3.36,320008
319040,0.89,319237
319040,0.91,320650
319041,0.98,319205
319041,0.85,320263
319041,1.8,321276
319042,3.25,319387
319042,1.61,321392
319043,4.78,320247
319044,10.1,320135
319044,2.91,320517
319045,1.01,320743
319045,1.01,320840
319046,4.56,319172
319046,6.35,320632
319047,0.75,319064
319047,9.63,319759
319047,15.25,321412
319048,3.0,319060
319048,2.64,319457
319049,4.78,320100
319049,8.95,320677
319050,2.93,319423
319051,1.09,321139
319052,0.88,319310
319053,2.53,319620
319054,1.23,319699
319055,7.13,320101
319056,3.39,320288
319056,2.61,320682
319057,2.8,319058
319057,1.69,319290
319058,4.16,321052
319059,3.23,319983
319059,3.95,321239
319060,1.51,320563
319061,1.08,320047
319061,1.07,320300
319062,4.46,319850
319062,4.14,320714
319063,3.03,320425
319063,2.14,320546
319064,3.09,320189
319065,3.28,320581
319066,3.4,320336
319066,4.35,320712
319067,4.29,319511
319068,0.81,319509
319068,3.9,321092
319069,1.45,319470
319070,1.75,319199
319070,1.92,320750
319071,2.11,319627
319071,2.82,321081
319072,2.53,320341
319073,1.94,320032
319073,1.71,320499
319074,2.25,320037
319075,0.5,319077
319076,1.45,319618
319076,0.91,319755
319076,3.91,319808
319076,5.59,319934
319076,7.18,320198
319076,3.21,321003
319076,3.21,321005
319076,7.86,321487
319077,0.75,319074
319078,1.26,319655
319078,0.78,319691
319079,1.06,319226
319079,1.8,320676
319079,2.76,321096
319080,2.96,321013
319081,0.51,319431
319081,3.99,321489
319082,4.2,320945
319082,4.63,321391
319083,4.8,319367
319083,5.1,320761
319084,3.4,320782
319085,2.84,319832
319085,1.45,320640
319086,1.46,319031
319086,1.63,319502
319087,4.08,320281
319087,4.18,320746
319088,2.61,320163
319089,0.71,321058
319089,1.7,321442
319090,1.01,320007
319090,0.93,321024
319091,0.91,320047
319091,2.04,321090
319092,2.94,320054
319092,4.24,320196
319093,4.75,319108
319093,4.88,320323
319093,2.74,321146
319094,3.28,320032
319094,1.91,321203
319095,4.66,320845
319096,0.7,319428
319096,2.56,319704
319097,1.73,319921
319097,3.13,320143
319098,1.79,319932
319098,2.61,320607
319099,23.48,319531
319099,6.85,320756
319100,1.96,319904
319100,4.4,321495
319101,1.51,321105
319101,0.76,321418
319102,0.45,319104
319102,1.2,321037
319103,1.34,320242
319105,1.83,319753
319105,1.35,321199
319106,0.37,319508
319106,1.21,319676
319106,1.13,320327
319107,1.83,319426
319107,0.56,319622
319107,0.56,319838
319109,4.15,319538
319109,1.2,320455
319109,2.76,320834
319109,2.85,320835
319110,1.95,319477
319110,0.99,320168
319110,0.9,320277
319111,6.0,319392
319112,0.84,319263
319112,2.49,320953
319113,0.5,320875
319114,0.78,319926
319114,1.11,321415
319115,5.12,320927
319115,4.33,321102
319116,2.14,320329
319117,0.6,319116
319117,2.75,321296
319118,1.55,320058
319119,2.06,320044
319119,2.83,320485
319119,2.63,321263
319120,1.06,319800
319120,6.46,320363
319120,3.15,320445
319121,0.76,319834
319121,2.43,321149
319122,1.81,320684
319122,1.61,321499
319123,3.39,320338
319123,11.08,321279
319124,1.13,320354
319124,5.15,320692
319125,1.56,319337
319125,1.35,320724
319126,4.99,319256
319126,3.34,320515
319127,1.4,320177
319127,19.9,320321
319128,3.85,320228
319128,7.24,321189
319129,0.63,319328
319129,2.31,320882
319130,2.51,320993
319130,1.53,321171
319131,0.61,321035
319132,0.69,319153
319132,0.66,320886
319133,2.24,319274
319133,0.96,320117
319134,0.59,319015
319134,0.93,319352
319135,1.75,320150
319135,2.48,321050
319136,2.75,319586
319136,3.39,319613
319136,4.03,321446
319137,6.44,319912
319137,14.63,320446
319137,11.39,320901
319138,3.91,319735
319139,0.99,320159
319139,0.78,321161
319140,3.31,319402
319140,3.24,321354
319141,1.43,320372
319141,1.17,321093
319142,9.21,320295
319142,3.39,320355
319143,9.29,320280
319143,2.74,321255
319145,0.84,319498
319145,0.93,320755
319146,1.67,320014
319146,3.06,320345
319146,1.16,320505
319146,4.63,321480
319147,2.61,319173
319147,1.73,320713
319149,1.69,319661
319149,2.54,320274
319150,15.6,320786
319150,7.59,321259
319151,4.75,320820
319151,5.35,320976
319152,0.41,319153
319152,0.99,320931
319154,1.55,319446
319154,2.68,320400
319155,8.33,319597
319156,2.63,320149
319156,5.13,321423
319157,1.39,319798
319157,1.65,320585
319158,3.63,319965
319158,16.91,321175
319159,2.6,319681
319159,7.38,319901
319160,5.35,319734
319160,1.95,319977
319161,1.05,320198
319161,1.04,320924
319162,1.0,319800
319162,2.04,321438
319163,0.94,320645
319164,2.59,319576
319164,1.74,320187
319165,4.03,319155
319166,0.91,319593
319166,3.15,320274
319167,1.02,320435
319167,4.33,321441
319168,1.72,319797
319169,2.85,320347
319169,3.76,320567
319170,0.75,319171
319170,1.25,319468
319171,2.01,319468
319172,4.01,319927
319173,1.31,320749
319174,2.15,319583
319174,1.03,319950
319175,0.5,321375
319176,0.46,319175
319176,0.6,320155
319177,3.29,321244
319178,6.28,320001
319178,11.56,321173
319179,2.72,320997
319179,1.75,321008
319180,3.64,319055
319180,9.33,320521
319181,4.76,320026
319181,3.98,320106
319182,0.8,319075
319182,1.03,321003
319183,1.01,319218
319183,1.04,320847
319184,2.13,319736
319185,0.82,319474
319185,1.04,319971
319186,3.91,319630
319187,4.98,319229
319187,1.5,319833
319188,1.82,319000
319188,0.86,320214
319189,9.39,320317
319189,3.81,320665
319189,5.93,320774
319189,0.81,321409
319190,3.61,319137
319190,6.21,320216
319191,1.04,320458
319192,0.76,319191
319192,1.45,320062
319192,1.35,320732
319193,9.06,319580
319193,1.59,320556
319194,3.59,319144
319194,6.28,319336
319194,2.68,319769
319195,3.25,319547
319195,5.25,320019
319195,4.0,320441
319195,5.5,321155
319196,0.5,319570
319197,1.24,320559
319198,1.06,319690
319198,0.88,320700
319199,1.75,320534
319200,1.11,321206
319201,1.11,319551
319201,0.51,319988
319201,5.41,320154
319201,3.18,321283
319202,1.75,320723
319202,0.98,321345
319204,0.44,319852
319204,0.53,319935
319205,0.88,319206
319205,1.64,321289
319206,0.48,319203
319207,5.21,319780
319207,3.66,321440
319208,1.19,320547
319208,1.08,321136
319209,0.78,319978
319209,2.33,320264
319210,0.5,319708
319211,0.7,319210
319211,0.73,321031
319212,3.03,319146
319212,3.02,319692
319212,1.36,320014
319213,4.02,320264
319213,1.77,320567
319214,1.44,320324
319214,1.58,320431
319215,12.1,320026
319215,6.69,321357
319216,3.58,319072
319216,31.14,319357
319216,6.16,319614
319216,12.6,321452
319217,1.39,319609
319217,1.18,320113
319218,1.71,320811
319219,1.15,319284
319219,3.1,319537
319219,1.59,320985
319220,2.23,321002
319221,4.29,319331
319222,3.73,320799
319222,4.69,321500
319223,1.86,319650
319223,1.59,320838
319223,1.0,321490
319224,1.04,320048
319224,0.8,320553
319225,0.44,321009
319226,0.86,320968
319227,2.76,319462
319227,2.54,320054
319228,4.4,319581
319228,10.9,319981
319229,2.95,319746
319230,3.19,319344
319230,2.94,320855
319230,1.73,320878
319231,12.25,319829
319231,25.96,321120
319232,1.04,319860
319232,2.9,320474
319233,1.51,320059
319233,1.23,320546
319234,2.59,320627
319234,2.91,320864
319235,1.03,319327
319235,1.35,320211
319236,1.23,319626
319236,3.24,320399
319237,4.6,320162
319237,1.03,320241
319237,10.0,320735
319238,1.43,319751
319238,1.3,320652
319238,34.49,320909
319238,6.25,321501
319239,2.15,319021
319240,2.04,319497
319240,2.33,320346
319241,3.2,320071
319241,2.0,320945
319242,0.76,320929
319242,0.79,321367
319243,0.96,319244
319243,2.15,319267
319243,2.2,320287
319244,4.83,320571
319245,3.9,319652
319245,0.78,320532
319246,3.51,319320
319246,10.61,319791
319247,20.95,319348
319247,11.03,320818
319248,1.94,319640
319248,3.74,319995
319249,1.3,319814
319249,3.69,321388
319250,1.45,320538
319250,2.01,320919
319251,2.91,320942
319252,0.99,321170
319252,1.96,321296
319252,6.08,321489
319253,0.56,320018
319253,1.18,321356
319254,3.24,319840
319254,3.01,320271
319255,3.63,320893
319255,3.04,321046
319256,5.61,320050
319256,10.33,320411
319256,7.8,320634
319257,1.44,320544
319257,0.88,320914
319258,2.29,319963
319258,2.8,320511
319259,9.69,320153
319259,4.09,321202
319260,2.59,319553
319260,2.89,320816
319261,3.0,320370
319262,0.64,319294
319262,1.14,320298
319262,2.9,321066
319263,1.08,319774
319264,2.56,321329
319264,2.5,321391
319265,1.63,319590
319266,2.6,319897
319266,1.76,320184
319267,2.24,319425
319268,2.06,320368
319268,2.46,320795
319269,1.99,319380
319269,5.59,320305
319270,2.0,319361
319270,2.55,320278
319271,2.75,320097
319271,5.5,320581
319272,3.33,319364
319272,4.86,321130
319273,2.06,319946
319273,0.84,321488
319274,1.36,320424
319275,1.08,320850
319276,2.21,319197
319276,0.49,319275
319277,12.89,319962
319277,1.25,320850
319277,9.27,321216
319278,1.39,320028
319278,2.01,321154
319279,12.98,321214
319279,4.89,321413
319280,0.81,319403
319280,1.0,321183
319281,1.29,319490
319281,0.81,321308
319281,1.45,321309
319283,3.04,319633
319284,1.39,321346
319285,4.71,319316
319285,2.31,321262
319286,1.28,321318
319286,1.25,321358
319287,1.93,320310
319287,2.73,320315
319288,1.9,319563
319289,0.68,319326
319289,0.63,320052
319290,2.91,319908
319291,2.29,319292
319291,11.36,319623
319291,6.98,319776
319291,3.21,320944
319292,3.07,321307
319293,8.5,319413
319293,9.66,319488
319293,0.96,319728
319293,1.45,320238
319294,0.65,320342
319295,1.69,319458
319295,2.1,321203
319296,0.7,320327
319298,1.9,320268
319298,1.15,321082
319299,1.08,319300
319300,0.49,319311
319300,2.55,319975
319300,2.48,319976
319301,0.68,320044
319302,2.01,320219
319302,5.61,321267
319303,4.04,319529
319303,8.53,319881
319303,25.83,320255
319303,17.85,320707
319303,4.28,321357
319304,5.13,319836
319304,1.47,320471
319304,2.23,320861
319305,28.04,320135
319306,21.65,320412
319306,5.55,320611
319307,1.5,319831
319307,3.34,320565
319307,4.91,321331
319308,1.66,321385
319309,0.76,320258
319309,1.49,320356
319311,2.75,320301
319312,1.48,319930
319312,6.4,320199
319313,1.36,320910
319313,1.31,321086
319314,0.46,319599
319314,0.75,320932
319315,4.03,320233
319316,3.5,319698
319317,2.33,319661
319317,1.8,320638
319318,5.89,319958
319318,3.65,320814
319319,2.55,320681
319319,3.0,321369
319320,27.44,321173
319320,11.6,321509
319321,0.76,320337
319321,0.66,320513
319321,0.8,320516
319322,6.61,319343
319322,0.74,320930
319323,3.5,319847
319323,2.18,320250
319324,3.78,319836
319324,0.64,320022
319325,3.6,319471
319325,3.15,319572
319325,5.48,320025
319326,1.88,319910
319327,0.46,320164
319328,2.6,320145
319329,0.9,319310
319329,1.16,320583
319330,2.33,319877
319330,2.01,320615
319331,2.38,321268
319333,0.66,319760
319333,0.55,321278
319334,1.63,319846
319334,0.56,320796
319335,1.63,319752
319336,1.53,319798
319337,2.26,320036
319337,2.34,321089
319338,4.09,320363
319338,4.44,321239
319339,0.69,319858
319339,2.4,320846
319340,1.46,319716
319340,1.01,321139
319341,2.3,319633
319341,3.81,321363
319342,3.84,319864
319343,7.95,320379
319344,0.91,321186
319344,1.23,321291
319345,6.53,320416
319345,2.05,321512
319346,24.15,319600
319346,5.3,319612
319347,5.24,320413
319347,2.26,320940
319347,1.86,321266
319349,1.83,320003
319350,6.21,320420
319350,16.66,320909
319351,3.06,319856
319351,4.26,320863
319352,1.08,320159
319353,2.21,319368
319354,1.34,320288
319354,0.96,321324
319355,6.18,320000
319355,6.2,320120
319356,1.24,320192
319356,1.5,320628
319357,6.53,319848
319357,14.49,321100
319358,3.94,319862
319358,1.84,320936
319359,5.74,319649
319359,8.12,319961
319359,3.65,320598
319360,4.66,319560
319360,3.71,319865
319362,1.63,320834
319363,3.04,319677
319363,4.06,320418
319364,3.48,320491
319365,3.29,320011
319365,1.95,320713
319366,0.79,319840
319366,1.7,320751
319367,2.39,320057
319368,2.19,320797
319369,0.82,321414
319370,2.39,320167
319370,1.01,321332
319371,0.98,319675
319371,1.44,320676
319371,2.24,321096
319372,0.76,319696
319372,0.78,321494
319373,0.6,319374
319373,1.24,321217
319375,7.43,319982
319375,7.25,320449
319375,7.84,320956
319375,12.08,321466
319376,2.16,320077
319376,1.49,321378
319377,1.0,319931
319377,1.0,320495
319378,0.66,320455
319378,1.11,320692
319379,2.5,321284
319380,3.38,319812
319382,1.31,319624
319382,0.76,320508
319383,4.63,321198
319384,3.18,320082
319384,3.25,320351
319385,0.99,319923
319385,1.74,321084
319385,2.05,321246
319386,6.84,319410
319386,14.0,319749
319386,4.93,319954
319387,1.74,319951
319387,5.46,320237
319388,2.41,321403
319389,1.03,319388
319389,2.28,319390
319390,1.96,319388
319390,7.78,320395
319390,5.04,320491
319391,1.11,319415
319391,0.45,320002
319392,2.51,319610
319393,1.79,319301
319393,3.13,320086
319394,0.59,320813
319394,2.1,320925
319395,5.06,320540
319395,5.19,320602
319395,2.59,321151
319396,13.36,319980
319396,3.75,321362
319397,2.08,319332
319397,4.71,321493
319398,0.79,319673
319398,0.75,320528
319399,1.96,319551
319399,0.39,321432
319401,1.0,319503
319401,1.66,319700
319401,1.26,320777
319401,1.36,321299
319401,0.8,321340
319402,6.64,319824
319403,1.3,319827
319404,5.76,319604
319404,8.3,320593
319405,1.54,320543
319406,3.01,320144
319406,2.98,320991
319407,2.83,319902
319407,4.14,320256
319408,1.24,319525
319408,0.84,321505
319409,1.09,320035
319409,1.85,320638
319410,5.35,321373
319411,1.35,319745
319412,2.23,319785
319413,0.69,319888
319413,8.0,320238
319414,5.04,319836
319414,1.59,320607
319414,1.89,320861
319415,0.54,320204
319416,3.06,320819
319416,2.11,321474
319417,7.11,319805
319417,14.08,321373
319418,1.86,319970
319418,2.05,320329
319420,1.0,319527
319420,0.74,319528
319420,0.55,320002
319422,0.56,319860
319423,6.58,320922
319424,3.16,319332
319424,2.38,321125
319425,2.16,320799
319426,0.8,320970
319427,5.45,319888
319427,0.75,321368
319428,0.96,319429
319430,1.7,320572
319432,0.73,319639
319432,1.6,319854
319433,2.56,320276
319433,2.86,320689
319434,10.75,320563
319434,7.54,321393
319434,1.5,321487
319435,2.04,320559
319436,3.7,320427
319436,1.81,320763
319437,0.78,320815
319437,0.91,321332
319438,3.58,319752
319438,1.06,319937
319439,1.59,319510
319439,4.09,320184
319440,4.75,319590
319440,2.28,320430
319441,5.63,320169
319441,8.08,320387
319442,6.18,320614
319442,6.69,321174
319443,3.0,319565
319443,2.68,320517
319444,3.06,320983
319444,3.04,321061
319445,1.06,320233
319445,4.3,320703
319446,1.64,319804
319447,2.06,320295
319447,1.74,321086
319448,1.64,320473
319448,2.93,321503
319449,7.5,320158
319449,17.7,320612
319450,2.86,320246
319451,7.23,320786
319451,10.06,321247
319452,0.41,321365
319453,1.38,321205
319453,3.31,321489
319454,3.16,320948
319455,1.43,320008
319455,2.65,320656
319456,2.55,320264
319456,2.08,320493
319457,3.0,319458
319458,5.11,320152
319458,11.46,320865
319459,1.99,319993
319460,3.16,320051
319461,1.25,320380
319461,1.43,320622
319462,7.17,319507
319462,7.56,320364
319463,1.23,320114
319463,1.34,321185
319464,3.11,319996
319464,2.3,320832
319465,3.59,321053
319465,1.06,321372
319466,0.7,319300
319466,1.11,319854
319466,0.99,320555
319466,11.79,320601
319466,11.25,320718
319466,12.52,320773
319467,2.64,320576
319467,18.06,320617
319467,3.66,321503
319468,1.18,321435
319469,21.1,319375
319469,4.48,320524
319469,4.6,320892
319469,24.26,321040
319469,7.54,321436
319470,1.83,319537
319470,2.36,320985
319471,1.16,320024
319472,1.64,319866
319473,4.43,320671
319473,5.03,320734
319474,1.86,319971
319474,1.19,321376
319475,8.8,321508
319476,8.28,319496
319476,8.4,320231
319476,5.8,320949
319476,4.45,321399
319477,0.59,321325
319477,1.15,321443
319478,9.35,320396
319478,6.7,320494
319479,6.09,320232
319479,3.75,320905
319479,9.74,321354
319480,4.0,320270
319481,5.14,321258
319481,4.95,321259
319482,1.41,320104
319482,0.55,320508
319483,0.79,320405
319483,2.96,321315
319484,0.54,320513
319484,0.44,320780
319485,7.28,320733
319485,2.55,320864
319486,0.91,320069
319486,0.93,321275
319487,6.03,321197
319488,10.29,319729
319488,9.99,320238
319488,5.25,320271
319489,2.5,320358
319490,1.39,320088
319491,1.04,321139
319491,0.84,321295
319492,0.86,320015
319492,1.33,321139
319493,2.5,320530
319493,2.0,320833
319494,2.24,319836
319494,1.08,320688
319495,2.39,320102
319495,0.75,320377
319496,17.75,320212
319496,47.84,320255
319497,3.14,320581
319498,0.83,319879
319499,3.13,321476
319500,2.25,320286
319500,1.36,321383
319501,1.55,321007
319501,3.28,321441
319502,0.75,319828
319502,1.5,320566
319502,1.15,321159
319503,0.91,321317
319504,2.0,319670
319504,5.16,320848
319505,2.86,319809
319505,4.41,320264
319506,2.94,320459
319506,1.61,320794
319507,12.78,320969
319508,0.34,319768
319509,1.4,319430
319510,1.45,319532
319511,7.38,319991
319511,3.96,320098
319512,2.95,319548
319512,2.84,319818
319513,1.71,319472
319514,2.23,320801
319515,0.43,320124
319516,6.23,320275
319516,2.3,321028
319517,4.5,320212
319517,1.6,321361
319519,4.05,319579
319519,2.21,320250
319520,7.99,320601
319520,2.92,320717
319520,15.81,320930
319521,1.76,319925
319521,2.33,321121
319522,4.69,320306
319522,3.98,320934
319523,1.47,319919
319523,2.51,320010
319524,1.43,320133
319525,1.28,320187
319525,0.88,320978
319526,2.74,319839
319526,3.48,320174
319527,0.4,319920
319528,0.75,319913
319528,1.57,320342
319529,7.5,321390
319530,4.29,320849
319530,3.21,321267
319531,10.19,320608
319532,3.61,320262
319533,0.5,319796
319533,1.25,320783
319534,2.97,319985
319534,1.88,321333
319535,2.1,320943
319535,3.18,321330
319536,5.19,319927
319536,4.33,321158
319537,2.01,320985
319537,1.96,321057
319538,3.75,319692
319539,1.2,321135
319539,1.8,321478
319540,0.96,321089
319540,0.89,321428
319541,1.64,319542
319541,2.91,321178
319542,1.98,321114
319543,1.0,320501
319544,4.13,321147
319544,1.64,321294
319545,17.45,319875
319545,8.99,320994
319546,1.25,320233
319546,1.73,320365
319547,2.0,319972
319547,2.69,320441
319548,2.9,320449
319549,2.71,321473
319550,0.85,319549
319550,1.78,319821
319551,2.6,319676
319551,0.86,320658
319552,3.25,319811
319552,6.15,320827
319554,0.51,319855
319554,3.08,320327
319555,8.1,321238
319555,2.56,321481
319556,1.25,320697
319557,2.16,319854
319557,0.45,320664
319559,2.11,320837
319560,24.16,320909
319561,1.0,320589
319561,1.9,320716
319562,3.31,321470
319562,1.34,321479
319563,0.98,319639
319564,1.39,320721
319564,0.54,321215
319565,11.85,319813
319566,1.75,321245
319567,1.46,320417
319567,1.66,320599
319568,19.98,320571
319568,14.38,321127
319569,2.75,320339
319569,12.08,321258
319570,0.79,320861
319571,4.03,319653
319571,9.96,320335
319571,1.84,320568
319572,1.66,320817
319573,3.81,319566
319573,22.04,319604
319573,14.18,320558
319573,1.28,320582
319574,1.41,320712
319574,1.81,320845
319575,0.38,319572
319575,0.56,319576
319577,4.06,320669
319577,2.2,321032
319578,1.6,319579
319578,2.23,320851
319580,2.23,321065
319581,1.83,319861
319582,1.23,319904
319582,2.29,320593
319583,1.06,319849
319583,0.86,319915
319584,1.86,319825
319584,8.38,320467
319584,1.86,320812
319585,0.4,319556
319585,0.56,320161
319586,1.5,320984
319587,3.64,320303
319587,2.94,320772
319588,1.28,321194
319588,4.26,321395
319589,2.96,320557
319589,3.08,321169
319590,21.16,319817
319590,3.56,320182
319590,16.68,320753
319590,17.35,320858
319590,18.35,320920
319590,32.54,321506
319591,5.23,319887
319591,4.25,320943
319592,2.55,320237
319592,1.9,321334
319593,4.96,320021
319594,2.29,319666
319594,1.5,320293
319595,7.41,319761
319595,2.18,320217
319595,4.94,320462
319596,0.46,319944
319596,1.36,320731
319597,3.9,320412
319597,5.06,320668
319598,10.08,320361
319598,4.79,321312
319599,0.58,321341
319600,5.21,319620
319600,1.38,320659
319600,2.53,321026
319601,5.58,320480
319601,4.51,321277
319602,7.64,320416
319602,4.59,321277
319603,11.31,319628
319603,5.0,319672
319603,4.53,320333
319603,4.38,320529
319605,3.2,320092
319605,2.11,320521
319606,1.76,320820
319606,2.25,320917
319607,0.71,319553
319607,4.74,319862
319608,0.88,319615
319608,1.13,321356
319609,0.92,321370
319611,0.91,319868
319611,0.8,321492
319612,7.55,319887
319612,6.95,320943
319613,7.58,321404
319614,5.64,319966
319614,6.03,321453
319614,5.76,321454
319615,0.94,320978
319616,0.76,319767
319616,0.43,320002
319617,4.03,320192
319617,1.55,321142
319619,1.96,321012
319619,0.89,321205
319621,3.88,320223
319621,1.45,320691
319623,3.15,320600
319624,2.45,319836
319625,26.12,320888
319626,0.94,320785
319627,12.36,319844
319628,6.31,319672
319628,17.37,320818
319629,1.16,320691
319629,3.93,321119
319630,3.39,320123
319630,8.34,320275
319631,15.53,320675
319631,12.88,320756
319632,18.02,319357
319632,12.65,319848
319632,14.37,321501
319634,1.43,320862
319635,7.05,320178
319636,2.21,320244
319636,1.16,321168
319637,0.81,321341
319638,8.34,320763
319638,0.94,320810
319638,1.85,320883
319640,1.78,320913
319641,1.99,320029
319642,2.06,319895
319642,16.47,321067
319643,5.0,320313
319644,1.0,319643
319645,1.16,320757
319645,3.21,320992
319646,3.06,320073
319647,0.88,320727
319647,0.96,321191
319648,1.65,320566
319648,0.9,320902
319648,1.15,320921
319649,4.95,320053
319650,1.54,320375
319650,2.21,320506
319650,0.75,321490
319651,1.2,319816
319652,1.24,319959
319652,5.28,320504
319652,4.68,320532
319653,0.85,321073
319654,3.61,319959
319654,12.75,320335
319654,7.89,321271
319655,1.84,320898
319655,0.66,320979
319656,4.89,319859
319656,5.0,320705
319657,1.76,319993
319657,4.34,320084
319658,1.35,319673
319658,0.81,321491
319659,0.53,320533
319659,0.84,320658
319660,1.83,320512
319660,2.98,321486
319661,1.03,320082
319662,3.94,320207
319662,3.89,320236
319663,2.01,321041
319663,2.16,321284
319664,3.04,321102
319664,3.0,321163
319664,2.5,321498
319665,0.59,319809
319665,1.43,320413
319667,1.6,319830
319667,1.5,319889
319668,1.64,319941
319670,3.51,319977
319670,3.83,320939
319670,1.39,321023
319671,12.23,319772
319671,18.18,320146
319674,5.9,321127
319674,4.49,321202
319675,1.29,319894
319676,2.01,320245
319677,1.58,321446
319678,4.35,320549
319678,4.33,321045
319678,2.2,321046
319679,1.18,320624
319679,2.5,321101
319680,1.31,319727
319680,1.09,320168
319682,3.09,320454
319682,2.81,320781
319683,0.81,321188
319683,1.08,321497
319684,5.65,320361
319684,9.83,320394
319684,4.93,321019
319684,6.89,321029
319684,9.35,321307
319685,1.06,321423
319686,13.15,320284
319686,3.85,320332
319686,5.0,320340
319687,1.79,320846
319687,1.53,321274
319688,1.43,320894
319688,1.2,321461
319689,0.75,319866
319689,0.68,319890
319690,0.98,321291
319695,1.54,319716
319695,1.24,319717
319696,0.96,319876
319697,1.0,320302
319699,1.14,320985
319700,1.66,321335
319701,1.51,320609
319701,2.84,321076
319701,4.98,321468
319702,2.84,320803
319702,1.08,321398
319703,1.53,319989
319703,2.35,321136
319704,1.0,319810
319705,1.41,320605
319705,2.51,320973
319706,0.49,320002
319706,1.19,320621
319707,1.0,321115
319708,0.93,320051
319709,2.31,319833
319709,3.09,320063
319710,2.15,320792
319710,3.61,321014
319711,2.14,320990
319711,3.11,321209
319711,3.49,321210
319713,2.39,320952
319714,2.75,320278
319714,8.36,321388
319715,4.98,320049
319715,5.96,320674
319717,1.04,321091
319718,1.44,320325
319718,0.9,321458
319719,0.78,319720
319719,0.48,321083
319720,0.93,319721
319720,4.24,320576
319720,16.5,321208
319721,1.35,320503
319722,1.24,320751
319723,2.03,320382
319724,0.41,320381
319724,1.51,321223
319725,2.26,320966
319725,3.01,321150
319726,3.08,320239
319726,3.89,321406
319727,1.03,321346
319728,3.25,320715
319729,3.21,320715
319730,0.5,319731
319731,0.95,320670
319732,3.21,321329
319733,4.46,320276
319733,1.75,320458
319734,3.19,320656
319734,3.73,321154
319736,3.5,320971
319737,3.26,320922
319737,4.54,321181
319737,7.11,321378
319738,2.54,320114
319738,2.28,320289
319739,1.69,320181
319739,1.56,320828
319740,9.29,320132
319740,3.54,321167
319742,2.4,320061
319742,2.3,321382
319743,1.73,320291
319744,4.25,320046
319744,4.11,321369
319745,0.96,320404
319746,2.71,319991
319747,0.85,320304
319747,4.19,320307
319748,1.46,319749
319750,2.71,320101
319750,6.51,320916
319751,1.38,320652
319751,2.93,321108
319753,0.61,320844
319754,3.76,320482
319754,4.87,320879
319754,4.44,320923
319755,1.48,321270
319756,3.28,319780
319756,3.36,321430
319757,2.01,320489
319757,3.65,321408
319758,13.95,320748
319758,4.63,320956
319759,2.96,320072
319760,2.18,320127
319761,0.64,319762
319762,3.83,320908
319763,5.5,320339
319763,3.49,321174
319764,1.85,319825
319764,0.86,320606
319765,1.51,321238
319766,0.88,320031
319766,0.41,321375
319767,0.89,320068
319767,2.51,320195
319767,2.78,321109
319769,2.02,320359
319770,0.88,320048
319770,0.76,321159
319771,0.81,319792
319771,2.11,320013
319772,9.58,320523
319773,7.61,320175
319774,1.35,321138
319775,2.05,319878
319775,2.2,320208
319776,1.13,320959
319777,2.26,321249
319777,2.64,321286
319778,2.3,320008
319778,0.81,320741
319779,2.66,320384
319779,1.1,320431
319781,1.99,320577
319782,2.53,319982
319782,4.01,320868
319782,3.23,320869
319784,1.25,319825
319784,1.08,319869
319786,1.24,320179
319786,1.3,321447
319787,0.95,319820
319787,3.21,319906
319789,2.86,320282
319789,3.14,321150
319790,0.66,320144
319790,0.99,320505
319791,5.75,321479
319793,0.96,320397
319793,0.79,320502
319793,0.99,321328
319794,1.23,319871
319794,1.38,319880
319795,8.76,321027
319796,0.5,321316
319797,0.98,320960
319799,0.68,320742
319799,0.79,321080
319801,1.91,320754
319801,1.75,321078
319802,1.66,319933
319802,0.45,321123
319802,1.21,321177
319803,1.03,320599
319803,1.33,321363
319804,1.28,320415
319805,4.3,320170
319805,20.34,321373
319806,6.71,321106
319806,2.15,321253
319808,0.75,320037
319808,0.7,321005
319810,1.13,320970
319811,8.25,320218
319812,1.73,320309
319813,5.44,320251
319814,3.66,321075
319815,2.48,321389
319816,1.65,320016
319817,9.43,320858
319817,9.48,320891
319818,1.75,320580
319819,10.28,320216
319819,10.13,320858
319820,1.79,320452
319821,2.7,320918
319822,2.43,320483
319822,6.08,320498
319823,0.86,320932
319824,3.83,320349
319825,1.79,320108
319825,2.1,320899
319826,1.48,320071
319826,1.14,320846
319827,0.9,321193
319828,0.93,321434
319829,12.36,320408
319830,2.09,320262
319831,1.75,320753
319832,1.2,320127
319833,3.73,320996
319834,1.02,321241
319835,1.05,320667
319836,1.85,320685
319836,2.23,320686
319836,3.15,320861
319839,3.98,320254
319840,0.44,319838
319840,1.87,321035
319842,9.08,321207
319842,6.83,321212
319843,1.88,320233
319843,3.69,321169
319844,15.69,320675
319845,9.18,320247
319845,6.68,320249
319846,3.05,320784
319847,7.0,320142
319847,5.1,320444
319848,19.4,320379
319848,9.14,321100
319849,1.83,319915
319850,3.06,320276
319851,0.76,321057
319851,1.33,321152
319852,0.75,320840
319853,1.06,320160
319853,0.7,320880
319855,0.89,320409
319856,17.88,320969
319857,0.68,319950
319857,0.71,320606
319858,0.73,321141
319859,3.58,320586
319861,7.36,320841
319863,3.88,320788
319863,2.99,320996
319863,7.39,321196
319864,1.95,319967
319865,3.21,320646
319867,2.24,320605
319867,14.6,321106
319870,0.6,320031
319870,0.64,320204
319870,1.16,321275
319872,2.2,320219
319873,5.64,320315
319873,11.5,320534
319873,5.14,321145
319874,2.2,320554
319874,1.64,321182
319875,10.96,320994
319877,4.43,320615
319877,3.84,320762
319877,1.73,321210
319878,2.54,320457
319879,0.65,319880
319882,4.23,320903
319882,6.63,321201
319882,14.2,321386
319883,6.11,319980
319883,3.68,320983
319884,6.85,320025
319885,0.83,320543
319886,0.91,319885
319887,1.69,319949
319889,3.31,320989
319890,0.65,321433
319891,0.86,321310
319892,5.16,319888
319892,2.41,321062
319893,0.75,320388
319893,4.22,321219
319894,1.79,320091
319894,1.56,320265
319894,1.18,321009
319895,4.59,320006
319895,2.08,320574
319896,0.48,320904
319896,0.98,321505
319897,3.86,320584
319898,2.13,321343
319899,3.31,321485
319900,1.99,319886
319900,1.31,319974
319901,14.63,320540
319901,29.08,320654
319902,1.14,320461
319903,4.49,321352
319905,0.85,320056
319905,2.69,321185
319906,1.3,320351
319906,1.93,320936
319906,4.2,321298
319906,3.56,321472
319907,10.14,320264
319907,1.44,320424
319909,3.9,320587
319909,3.75,320819
319910,1.6,321466
319911,1.04,320402
319911,0.58,320584
319912,3.79,320897
319912,1.7,321265
319913,0.66,320045
319914,0.85,320045
319914,0.95,321066
319916,4.04,320799
319916,1.81,321004
319917,1.43,320527
319917,2.14,320723
319918,5.75,320729
319920,0.51,320066
319921,1.95,321112
319922,2.14,321047
319923,0.55,320342
319923,0.83,320798
319925,1.53,321015
319926,1.93,320013
319928,2.38,320060
319928,1.06,320102
319930,5.86,320720
319931,0.89,319932
319933,1.76,320190
319933,2.21,321132
319934,1.53,320738
319934,2.65,321170
319935,0.72,319203
319935,1.18,320138
319936,0.44,320165
319936,1.13,321177
319937,6.98,320636
319938,1.73,321069
319938,0.84,321341
319939,1.48,320850
319940,0.98,321097
319941,1.5,321183
319942,9.14,320403
319942,7.97,320797
319943,4.29,321436
319945,3.84,320294
319945,4.55,321401
319946,5.73,320732
319947,0.9,320625
319947,0.73,321092
319948,2.23,321345
319948,2.64,321421
319951,4.1,320237
319951,4.19,321305
319951,2.88,321306
319952,3.21,320871
319952,0.69,321461
319953,3.06,320980
319953,1.78,321287
319954,4.85,320139
319955,2.25,320956
319956,5.46,320537
319956,0.5,320956
319957,3.71,320094
319957,1.81,321069
319957,2.33,321337
319958,1.59,321063
319959,16.36,320335
319959,1.74,320986
319959,3.25,321073
319959,11.25,321271
319960,1.16,321491
319961,2.38,320417
319961,0.9,321428
319962,1.23,320519
319962,4.51,321216
319963,2.43,320083
319964,3.35,321218
319964,1.53,321249
319965,3.26,321156
319966,3.61,320143
319967,3.83,320892
319968,5.05,320988
319968,4.6,321156
319969,0.94,321176
319970,4.16,320867
319971,2.38,320454
319972,1.23,320300
319972,4.44,320995
319973,5.19,320695
319973,3.38,321030
319974,1.01,320897
319975,1.1,320314
319976,0.5,321256
319978,2.63,320087
319979,1.18,320079
319979,0.74,320088
319980,1.33,320349
319981,9.56,320171
319982,1.94,320119
319984,1.71,320667
319984,0.91,321511
319985,1.8,321459
319986,3.64,321006
319986,1.83,321379
319987,13.81,320256
319987,12.29,320272
319988,0.88,320245
319988,1.08,321248
319988,1.35,321339
319989,1.16,321448
319990,2.01,321301
319991,4.8,320098
319992,2.59,320537
319992,4.26,321276
319995,2.98,320593
319997,7.54,320177
319997,2.64,321164
319998,2.0,320478
319999,4.43,321313
320000,2.65,321400
320001,10.76,321456
320001,8.91,321477
320003,1.58,321338
320004,4.48,320582
320004,1.29,320604
320006,2.61,321121
320009,7.93,320525
320009,3.78,320563
320010,1.66,320118
320010,2.49,321480
320011,2.51,320561
320012,3.01,320357
320012,4.34,321064
320015,1.14,320443
320016,1.94,320464
320016,1.5,321129
320017,4.91,321142
320017,2.5,321218
320018,1.61,320453
320019,5.14,320347
320019,3.65,321155
320020,0.56,321034
320020,1.33,321510
320021,2.18,320616
320022,0.59,320023
320023,2.23,320745
320027,3.09,321281
320028,0.68,320539
320029,2.23,320714
320029,3.08,320766
320030,0.83,321236
320030,1.19,321278
320034,2.8,320043
320034,2.19,320719
320035,2.09,321136
320036,1.54,321411
320038,3.26,320651
320038,1.89,321408
320039,1.86,320958
320040,13.25,320121
320040,12.4,320146
320041,17.49,320654
320041,7.15,321098
320042,3.04,320789
320042,2.53,320839
320043,2.11,321303
320044,2.66,320485
320049,10.01,320439
320050,2.34,321430
320051,1.95,320362
320052,1.96,320711
320055,5.75,320915
320056,2.26,320883
320057,1.08,320289
320057,2.06,321304
320058,1.97,320345
320059,1.49,320648
320060,1.74,321387
320061,1.36,320129
320061,1.53,321382
320062,1.44,320732
320063,2.64,321464
320064,4.5,320254
320064,1.5,320437
320065,0.75,320683
320066,0.73,320962
320067,0.46,320470
320067,1.23,321407
320068,0.65,320078
320069,1.14,321105
320070,1.94,320328
320070,2.53,321257
320072,4.51,320260
320073,7.8,321189
320074,1.76,320075
320074,2.21,320893
320075,2.59,320855
320076,0.89,319922
320076,2.36,320647
320079,1.09,320220
320081,4.6,320366
320081,4.75,321042
320083,1.69,320270
320084,5.04,320293
320084,0.95,320639
320085,7.18,320055
320085,2.19,320927
320086,1.6,320971
320087,6.01,321344
320089,1.43,320369
320089,1.56,321089
320090,3.3,320182
320090,2.86,321196
320090,3.01,321197
320091,0.63,320265
320091,1.26,320277
320091,1.6,321085
320093,5.0,320827
320093,6.04,320928
320095,1.8,320094
320096,1.7,320094
320097,2.25,320603
320099,1.41,319939
320100,3.11,320201
320102,1.75,320377
320102,2.58,321290
320103,1.98,320727
320103,0.46,320838
320103,1.96,321371
320104,1.25,320744
320105,4.98,321133
320106,7.58,319996
320107,0.93,320108
320107,1.6,321449
320109,1.28,321222
320109,0.83,321335
320110,4.19,320292
320110,4.81,321151
320111,0.49,320141
320111,0.7,320751
320112,2.91,321488
320113,2.5,320122
320115,1.11,320397
320115,1.21,321141
320116,3.2,320284
320116,8.7,320581
320118,1.01,321388
320118,1.01,321389
320119,0.78,321101
320120,3.38,320945
320122,2.26,321351
320123,17.17,320675
320124,5.55,320226
320125,10.6,320121
320125,3.8,320178
320126,9.3,320395
320126,10.48,320442
320126,8.34,320535
320126,3.53,321481
320128,3.35,320174
320129,0.73,321161
320130,3.54,320637
320131,1.48,320235
320131,1.54,321337
320133,1.88,320568
320133,1.5,320851
320134,7.34,320523
320135,7.8,320134
320135,15.14,320523
320136,11.75,320697
320136,11.5,321227
320137,0.5,320402
320137,2.49,320414
320138,0.29,320481
320139,3.99,320451
320140,0.75,320437
320140,3.53,320745
320141,1.1,320904
320142,3.14,320163
320142,7.38,320444
320145,3.09,321061
320147,4.39,320491
320147,3.66,321400
320148,13.7,320909
320148,11.18,321122
320149,2.91,320630
320150,2.35,320635
320151,0.67,320679
320151,1.05,320688
320152,4.54,320321
320153,5.06,320600
320153,9.85,321019
320154,1.25,320957
320154,1.0,321317
320154,5.49,321424
320156,0.83,320776
320157,0.63,320701
320158,11.15,320492
320158,6.75,321412
320160,1.34,320829
320161,0.88,321051
320161,0.94,321052
320162,5.89,320619
320164,1.49,320337
320164,1.2,320513
320165,0.81,320570
320166,2.76,320608
320167,1.33,321165
320169,3.46,320334
320170,5.41,320698
320172,5.68,320569
320172,0.74,320911
320173,8.98,321242
320174,2.31,321126
320175,7.19,320171
320176,6.96,320439
320176,3.0,321036
320179,2.58,321198
320180,3.18,320507
320180,6.41,320694
320180,2.59,320885
320181,5.05,320836
320183,0.69,320776
320183,0.58,320952
320185,3.51,321309
320186,2.24,320173
320186,3.25,321065
320188,6.04,321312
320189,1.73,321128
320190,0.45,321132
320191,3.7,320548
320191,1.9,321099
320191,1.96,321144
320193,2.55,321064
320193,3.04,321422
320194,0.88,320986
320194,1.09,321361
320196,2.58,320205
320197,1.2,320763
320197,1.36,321384
320198,1.4,320573
320198,11.99,321487
320199,1.71,321047
320201,5.4,320542
320202,1.95,320753
320202,4.35,321379
320203,1.54,321109
320203,2.48,321376
320205,3.85,320311
320206,2.6,320472
320206,2.71,320696
320207,2.84,320736
320209,7.36,320588
320209,3.23,320888
320210,1.41,320828
320210,0.86,320886
320210,1.29,321297
320211,1.48,320607
320212,2.95,320371
320213,4.13,320264
320214,1.11,321368
320215,2.6,320603
320215,1.1,321124
320217,3.36,321148
320220,0.86,320981
320221,1.23,320222
320221,4.19,321330
320222,3.21,320965
320224,5.85,320444
320224,17.76,320675
320224,3.23,321028
320225,3.66,321377
320226,10.06,320841
320227,1.25,320938
320227,0.75,321008
320228,5.29,321029
320229,0.82,320722
320229,0.4,321131
320230,3.51,320469
320230,1.51,320663
320232,19.09,320635
320232,21.04,320733
320234,2.74,320703
320235,2.23,320993
320236,2.34,320473
320238,8.09,321081
320240,1.0,320495
320241,0.58,321108
320242,1.95,320694
320244,0.74,320747
320248,1.25,320253
320248,2.91,320953
320249,3.75,320246
320253,8.01,320866
320253,6.25,321214
320254,4.95,320437
320257,1.43,320448
320257,1.9,320831
320258,0.73,320277
320258,1.03,321085
320259,2.45,321066
320259,1.0,321246
320260,2.5,320367
320261,1.59,320499
320261,1.11,321060
320263,0.58,320487
320264,7.55,320633
320264,5.99,321331
320265,1.69,320486
320266,0.25,320821
320266,1.75,321076
320267,1.66,320705
320267,2.5,321218
320268,0.44,320269
320269,0.68,321063
320272,10.92,320364
320273,15.0,320460
320273,16.04,320492
320273,4.7,321162
320273,3.75,321360
320276,3.4,320926
320277,1.81,320583
320277,0.45,321085
320278,4.03,320733
320279,0.74,320386
320279,1.13,321418
320281,2.74,321366
320282,2.56,320426
320283,2.1,320835
320283,2.35,321362
320285,1.6,319808
320285,1.39,320853
320285,2.05,321005
320286,2.1,320961
320291,2.37,321364
320292,14.75,320446
320292,9.5,320514
320292,6.14,320891
320294,4.61,320296
320295,3.04,320423
320296,3.44,320758
320297,1.06,320999
320297,4.06,321327
320301,1.05,320783
320302,2.86,321511
320305,3.65,320772
320306,3.8,320318
320308,5.65,320304
320308,1.76,320318
320309,3.38,320319
320310,2.31,320706
320311,2.98,320303
320312,2.94,320665
320312,2.0,320718
320313,3.0,320530
320314,0.8,320358
320315,3.63,320698
320316,1.75,320982
320316,3.99,321145
320317,6.45,320823
320319,2.75,320934
320320,1.05,321215
320320,1.34,321513
320321,1.94,321305
320322,0.51,320323
320324,2.29,321168
320325,2.4,320964
320326,0.79,320728
320326,1.26,321211
320327,2.83,320553
320327,2.99,320591
320327,1.8,320895
320327,1.35,321414
320328,0.64,320747
320330,9.65,320562
320330,9.4,320865
320331,1.75,321134
320331,1.95,321284
320332,5.44,321026
320333,3.41,320725
320334,4.0,321103
320335,4.7,320715
320336,0.5,320557
320337,0.53,320687
320338,2.4,321103
320340,18.15,320284
320340,8.85,320332
320341,1.01,320573
320343,0.55,320497
320343,1.55,320806
320344,2.13,320910
320346,2.19,321199
320348,1.44,320631
320348,2.15,320632
320349,3.88,320928
320352,10.0,320476
320352,14.44,320972
320353,1.4,320580
320353,1.98,320696
320354,2.85,320733
320355,4.44,320649
320356,0.53,320528
320360,1.53,320468
320362,0.78,320624
320366,1.01,320367
320368,4.11,320649
320369,2.91,320466
320370,3.0,321271
320371,2.75,321319
320372,0.45,320138
320372,0.56,320481
320375,0.53,320372
320375,2.0,320374
320375,0.59,320481
320377,6.0,320868
320377,1.0,321290
320378,4.2,320243
320380,1.34,321112
320381,1.1,320382
320383,2.66,319108
320383,2.89,321228
320384,4.12,321220
320385,2.66,320507
320386,1.19,321437
320387,2.64,320740
320388,0.5,320389
320390,1.88,321230
320391,0.81,320390
320391,1.53,320620
320392,1.34,320488
320392,1.01,321217
320393,18.03,320916
320393,21.15,321506
320394,13.81,321029
320396,0.58,320593
320398,4.58,320684
320398,2.48,321030
320399,1.43,321355
320401,1.64,320847
320401,2.23,321118
320403,6.55,321349
320404,1.09,320704
320406,1.09,320405
320407,0.5,320686
320407,0.66,320974
320409,0.63,321325
320410,1.74,320804
320410,0.9,321022
320411,8.49,321431
320413,3.15,321001
320414,2.5,321070
320414,3.21,321163
320415,1.75,321171
320415,6.78,321254
320418,2.62,320852
320418,3.39,320943
320419,3.04,320856
320419,1.9,320959
320420,5.8,321244
320421,0.75,320470
320421,1.79,320487
320422,3.55,321323
320422,2.03,321439
320423,5.49,321068
320425,1.19,321024
320426,0.94,321020
320427,1.76,320810
320428,2.05,320778
320428,1.9,321231
320429,1.6,320709
320430,1.01,321149
320432,1.7,320433
320432,2.8,321124
320433,2.76,320961
320434,0.43,320621
320436,2.75,321184
320438,1.16,320728
320438,2.18,320734
320440,4.04,320785
320440,9.09,321125
320440,4.76,321147
320441,1.65,320862
320441,9.36,321404
320442,1.7,320395
320442,3.95,321460
320443,1.0,319707
320443,2.78,321115
320445,2.61,321420
320447,2.83,320477
320448,1.16,321128
320452,2.19,321401
320457,3.03,320976
320459,1.92,320509
320460,11.36,320612
320460,12.29,320977
320460,10.09,321162
320461,6.79,321453
320462,2.73,321294
320463,3.54,319645
320463,0.36,320465
320463,1.45,320991
320463,1.24,320992
320463,3.05,321236
320464,2.24,321129
320466,3.73,320450
320466,0.65,320465
320467,4.06,320509
320467,0.74,320992
320468,1.36,320729
320469,3.23,320699
320475,0.46,320813
320475,1.23,321108
320479,0.48,320951
320479,0.64,321000
320480,4.44,321450
320481,1.54,320886
320482,6.98,320752
320482,3.55,321241
320483,2.54,320899
320484,3.85,319545
320484,3.71,320848
320485,1.74,320949
320485,4.43,321263
320485,4.62,321368
320486,0.9,320595
320488,1.1,320790
320488,0.96,321462
320490,5.75,320394
320490,8.8,321381
320494,1.93,320660
320496,0.83,321153
320496,1.65,321292
320497,2.1,320806
320497,2.04,320896
320498,2.66,320995
320500,0.79,320575
320501,0.34,321131
320501,1.87,321356
320502,0.44,321066
320503,6.28,321114
320504,2.51,321293
320506,0.73,321290
320510,0.45,320512
320514,7.18,320857
320515,4.24,320808
320515,6.15,320809
320516,1.3,321429
320518,0.55,320560
320518,2.42,320700
320519,3.78,321155
320520,5.1,321178
320520,5.05,321225
320520,8.71,321227
320522,6.23,320650
320522,3.94,321502
320524,4.41,321463
320525,2.98,321360
320526,8.25,321089
320527,0.78,320618
320531,1.16,321288
320532,1.12,320973
320533,1.29,321248
320534,3.75,320982
320535,3.54,321127
320536,3.88,320653
320538,2.81,321053
320539,1.86,320954
320540,18.51,320858
320541,3.08,321184
320542,0.51,320541
320544,0.33,320545
320545,2.84,320926
320547,1.14,320790
320548,2.56,320784
320548,3.2,321099
320550,2.44,320775
320551,1.94,320618
320553,1.26,321137
320555,1.5,321316
320556,0.83,320679
320558,7.75,321192
320558,12.16,321498
320560,0.9,321246
320561,2.99,321146
320562,13.4,321420
320563,14.54,320865
320563,13.75,321487
320564,0.86,321116
320564,1.21,321200
320565,4.89,321331
320565,3.09,321404
320566,1.74,321326
320569,5.18,321373
320570,1.51,320547
320571,5.93,320884
320571,10.15,321496
320572,2.13,320767
320574,0.68,321152
320575,0.68,320829
320578,1.01,320906
320578,1.83,321038
320579,3.33,320581
320579,1.71,320782
320583,0.81,320658
320585,1.04,320894
320586,2.09,320810
320587,2.94,321457
320589,1.0,321223
320591,0.74,321085
320591,1.4,321137
320595,1.51,320975
320596,0.58,320981
320596,0.81,321424
320597,1.29,321015
320598,1.39,321118
320601,2.9,320773
320601,9.83,320930
320602,1.52,320540
320602,3.7,320844
320604,2.05,320942
320607,1.81,321263
320609,10.82,320757
320609,7.08,321388
320610,1.99,320768
320611,13.96,321348
320612,13.78,321044
320613,1.03,321179
320613,3.05,321347
320615,3.34,321274
320616,4.31,321304
320622,1.4,320853
320623,1.83,321021
320625,2.73,321194
320626,0.38,321297
320628,1.14,320676
320629,1.66,320655
320629,1.34,321272
320630,1.43,320966
320631,4.06,321004
320633,2.51,321405
320634,3.6,321380
320635,32.16,320707
320636,3.54,320637
320636,5.08,320801
320636,9.11,321164
320639,3.15,321410
320640,1.74,321467
320643,2.1,321224
320645,1.16,321433
320646,2.89,321204
320647,3.26,321344
320649,4.56,321049
320651,1.3,321372
320653,0.96,321484
320654,16.63,321025
320654,12.09,321044
320654,6.12,321381
320655,1.69,321389
320657,0.95,320895
320657,1.5,321137
320658,0.71,320657
320659,9.99,321251
320659,4.75,321413
320660,4.7,321336
320663,2.19,320662
320665,4.94,320718
320666,0.8,321159
320669,3.21,320984
320670,2.06,320739
320672,5.65,321063
320673,4.13,320739
320673,4.19,321243
320674,4.16,321452
320677,20.25,321479
320678,0.83,320741
320678,2.0,320874
320680,3.56,320652
320680,6.96,320930
320681,2.35,321083
320682,5.19,320990
320683,1.49,321043
320684,5.29,321218
320685,0.41,320780
320687,0.38,320974
320688,1.06,321193
320689,3.79,321488
320690,0.99,321444
320693,7.95,320972
320699,1.23,321180
320701,1.49,321160
320702,5.71,321040
320702,9.6,321489
320706,4.78,320710
320708,0.99,320826
320708,2.31,321206
320709,1.18,321231
320716,0.99,321083
320716,3.9,321223
320720,2.89,321506
320721,1.21,321233
320725,2.25,321293
320726,4.9,321322
320726,3.26,321350
320729,3.15,321133
320730,1.1,321072
320730,0.63,321079
320731,3.8,321460
320733,5.28,320885
320736,4.18,321268
320737,2.54,321054
320737,2.16,321495
320738,0.85,321402
320741,1.0,321039
320743,0.46,321031
320745,0.79,320746
320748,3.56,320825
320749,1.83,320719
320750,6.25,320774
320752,8.25,320940
320753,0.7,320754
320755,1.33,321366
320755,2.25,321370
320757,16.38,321388
320758,8.34,320871
320759,0.56,320937
320760,0.86,321232
320760,2.04,321233
320762,3.43,320837
320763,0.65,320815
320764,0.94,320763
320764,1.18,320902
320765,1.18,321340
320767,0.76,320766
320769,0.5,320768
320769,2.75,321242
320771,3.51,321214
320773,1.46,320842
320775,4.06,321055
320777,1.31,321282
320779,1.96,320967
320779,2.08,321144
320781,4.68,321042
320783,1.91,321166
320785,8.34,321147
320787,2.13,320988
320788,2.81,321006
320789,4.11,321391
320790,1.41,321335
320791,0.74,320968
320793,2.48,321035
320793,1.35,321062
320794,1.0,320999
320795,5.64,321055
320796,6.85,321020
320796,1.04,321121
320798,0.4,321088
320802,1.19,320912
320802,1.95,321280
320803,0.96,320809
320803,2.68,321204
320803,4.96,321254
320804,5.45,320848
320804,0.65,321228
320805,0.91,320806
320807,2.1,320805
320807,3.2,321070
320809,1.91,320808
320809,4.3,321187
320809,2.31,321204
320810,1.84,320816
320811,0.75,320875
320812,1.63,321089
320814,9.06,321243
320821,2.96,321076
320821,1.47,321371
320822,0.34,321365
320824,1.68,321255
320824,4.5,321281
320829,1.11,321095
320832,2.3,321054
320833,1.5,320842
320836,2.14,321272
320839,0.87,321072
320847,2.11,320843
320847,1.16,321449
320852,4.61,321149
320854,3.26,321027
320854,5.7,321247
320857,4.59,320988
320857,21.51,321025
320858,7.5,321455
320860,0.21,319419
320860,0.33,321300
320863,4.91,321466
320865,30.16,321420
320866,1.28,320867
320866,9.28,321040
320866,14.49,321104
320868,9.1,321290
320869,4.98,321468
320870,1.6,320989
320870,1.39,321483
320872,0.5,320874
320872,0.75,320876
320874,2.0,321039
320876,0.78,320997
320877,1.85,321395
320878,1.4,320998
320879,1.78,321405
320881,3.65,321143
320882,0.63,320960
320887,3.59,321387
320887,0.55,321469
320889,0.75,321219
320889,1.25,321409
320898,1.76,321250
320900,2.9,320916
320902,1.03,320912
320906,0.85,320907
320907,1.41,321349
320908,1.26,321353
320911,4.15,321180
320913,1.69,321010
320915,5.14,321010
320919,1.71,320917
320920,8.01,320940
320920,7.89,321001
320920,6.01,321464
320920,18.4,321506
320921,0.73,321200
320921,1.18,321326
320924,0.86,321270
320931,1.06,321415
320935,0.48,321300
320935,0.62,321320
320937,1.63,320925
320939,3.14,321431
320941,1.49,321195
320944,3.43,321485
320946,1.49,321264
320947,6.09,321212
320947,4.59,321508
320948,3.11,321179
320949,1.51,321399
320950,0.91,321374
320950,1.23,321510
320951,0.98,321140
320954,0.58,321442
320958,0.91,321302
320962,0.72,321320
320963,1.71,321474
320964,1.48,321080
320965,2.06,321455
320969,10.28,321347
320969,19.74,321348
320969,7.32,321507
320977,2.84,321162
320979,0.78,321367
320987,1.38,321126
320988,18.99,321025
320991,3.19,321153
320992,1.0,320991
320993,2.78,321396
320994,12.59,321207
320994,19.74,321470
320998,1.93,321301
321000,0.59,321394
321003,0.99,321260
321012,1.25,319808
321013,7.6,321098
321014,4.55,321286
321017,1.65,321018
321018,1.0,321392
321021,1.48,321334
321023,0.88,321157
321032,0.85,321090
321033,2.56,321496
321034,0.85,321260
321035,3.83,321062
321038,1.81,321473
321039,2.0,320873
321041,2.5,321475
321045,3.63,321046
321048,1.55,321037
321049,14.36,321243
321050,3.56,321426
321051,1.14,320890
321058,1.99,321022
321058,1.43,321157
321064,5.29,321313
321067,5.97,321109
321068,4.98,320890
321071,0.89,321077
321071,0.88,321324
321075,1.56,321191
321077,1.33,321195
321078,4.36,321404
321084,0.53,321419
321087,2.4,321352
321088,0.84,321094
321091,1.26,321462
321092,0.94,321476
321094,0.58,320929
321095,0.45,321252
321097,1.04,321424
321099,2.69,321181
321100,2.76,321122
321102,2.16,321163
321103,4.04,321342
321104,9.07,321040
321109,1.21,319768
321112,0.66,321113
321115,1.92,321222
321115,1.53,321248
321116,0.59,321115
321117,1.09,321248
321117,1.29,321434
321123,1.14,321177
321123,1.03,321252
321129,1.74,321411
321132,0.63,321264
321135,1.11,321475
321136,1.98,321176
321137,0.33,319419
321138,1.19,321494
321139,1.05,321482
321140,0.75,321482
321148,2.0,321016
321150,2.66,321096
321158,6.6,321323
321160,0.68,321339
321165,1.24,321172
321166,2.36,321237
321173,14.26,321208
321175,1.96,321287
321182,2.6,321265
321186,1.41,321250
321188,1.06,321333
321190,3.16,321509
321190,1.14,321512
321192,22.2,321506
321198,2.14,321343
321209,0.88,321210
321211,0.85,321257
321214,1.86,321393
321216,1.6,321327
321220,2.48,321261
321221,1.09,321235
321221,0.51,321513
321224,0.93,321225
321234,0.45,321504
321235,1.2,321504
321237,2.34,321232
321244,4.04,321479
321248,0.69,321434
321251,7.75,321279
321252,1.26,321382
321254,1.84,321302
321266,8.88,321506
321274,3.93,321377
321277,2.41,321359
321280,1.76,321410
321282,2.78,321314
321285,1.56,321295
321288,0.31,321289
321296,6.8,321489
321306,1.28,321305
321308,0.9,321309
321309,0.85,321310
321318,2.66,321440
321326,1.06,321285
321328,0.85,321437
321341,6.0,321473
321350,3.46,321507
321374,0.99,321497
321385,0.49,321384
321392,3.6,321459
321393,7.81,321487
321394,0.95,321335
321397,0.81,321398
321405,0.69,321404
321419,0.85,321338
321421,1.69,321422
321427,1.6,321456
321427,1.26,321477
321435,3.16,321400
321439,6.7,321481
321440,2.45,321472
321441,2.03,321397
321444,0.33,321443
321448,2.08,321358
321450,4.99,321303
321452,3.71,321454
321453,0.65,321454
321455,4.63,321383
321456,4.2,321502
321458,0.79,321492
321463,4.95,321322
321466,0.56,321465
321467,1.99,321469
321468,11.74,321388
321471,2.83,320884
321471,4.28,321457
321484,0.85,321429
321486,1.73,321499
321508,2.0,321509
